-- phpMyAdmin SQL Dump
-- version 5.2.1
-- https://www.phpmyadmin.net/
--
-- Host: 127.0.0.1
-- Generation Time: Sep 25, 2023 at 12:21 AM
-- Server version: 10.4.28-MariaDB
-- PHP Version: 8.2.4

SET SQL_MODE = "NO_AUTO_VALUE_ON_ZERO";
START TRANSACTION;
SET time_zone = "+00:00";


/*!40101 SET @OLD_CHARACTER_SET_CLIENT=@@CHARACTER_SET_CLIENT */;
/*!40101 SET @OLD_CHARACTER_SET_RESULTS=@@CHARACTER_SET_RESULTS */;
/*!40101 SET @OLD_COLLATION_CONNECTION=@@COLLATION_CONNECTION */;
/*!40101 SET NAMES utf8mb4 */;

--
-- Database: `calendarapp`
--
CREATE DATABASE IF NOT EXISTS `calendarapp` DEFAULT CHARACTER SET utf8mb4 COLLATE utf8mb4_general_ci;
USE `calendarapp`;

-- --------------------------------------------------------

--
-- Table structure for table `groups`
--

DROP TABLE IF EXISTS `groups`;
CREATE TABLE `groups` (
  `id` int(11) NOT NULL,
  `groupName` varchar(100) NOT NULL,
  `creatorUserId` int(11) NOT NULL,
  `creatorName` varchar(255) NOT NULL,
  `description` varchar(255) NOT NULL
) ENGINE=InnoDB DEFAULT CHARSET=utf8mb4 COLLATE=utf8mb4_general_ci;

--
-- Dumping data for table `groups`
--

INSERT INTO `groups` (`id`, `groupName`, `creatorUserId`, `creatorName`, `description`) VALUES
(19, 'Alma', 74, 'Pog치ny Beni', 'Alma csoport, alma embereknek!!!'),
(20, 'fgbhde', 74, 'Pog치ny Beni', 'rhte');

-- --------------------------------------------------------

--
-- Table structure for table `tasks`
--

DROP TABLE IF EXISTS `tasks`;
CREATE TABLE `tasks` (
  `id` int(11) NOT NULL,
  `creatorId` int(11) NOT NULL,
  `groupId` int(11) NOT NULL,
  `taskName` varchar(255) NOT NULL,
  `color` varchar(7) NOT NULL,
  `startDate` date NOT NULL,
  `startTime` varchar(5) NOT NULL,
  `endDate` date NOT NULL,
  `endTime` varchar(5) NOT NULL,
  `description` varchar(255) NOT NULL
) ENGINE=InnoDB DEFAULT CHARSET=utf8mb4 COLLATE=utf8mb4_general_ci;

-- --------------------------------------------------------

--
-- Table structure for table `user`
--

DROP TABLE IF EXISTS `user`;
CREATE TABLE `user` (
  `id` int(11) NOT NULL,
  `email` varchar(255) NOT NULL,
  `password` varchar(255) NOT NULL,
  `fullName` varchar(255) NOT NULL,
  `linkToPicture` varchar(255) NOT NULL
) ENGINE=InnoDB DEFAULT CHARSET=utf8mb4 COLLATE=utf8mb4_general_ci;

--
-- Dumping data for table `user`
--

INSERT INTO `user` (`id`, `email`, `password`, `fullName`, `linkToPicture`) VALUES
(74, 'poganybenedek@gmail.com', '$2b$10$L3rWYLjSrB5Mk0mH4/5n5uWVn3wBdpOdoRPnry4bnq3lmoEkhf0c6', 'Pog치ny Beni', 'https://lh3.googleusercontent.com/a/ACg8ocJ6oz78vjv5TeM_VPwz1QRLzBAsr5HACpsIbJixo0ElLw=s96-c'),
(75, 'kisjanos@alma.com', '$2b$10$3mmWegV36yckmgB68/i2gevF2Qxn1LpAFF8UHXIyuEIzxA5SDlGMa', 'Kis J치nos', ''),
(76, 'kamuelek@kamuelek.hu', '$2b$10$pQYatLWtIPnbQQeGW/H5zuIkoI2HU5KAnLCaDbDCmtfaDyJXFtV2K', 'Kamu Elek', ''),
(77, 'alma@alma.hu', '$2b$10$mUkxVM9Ak8uBtVzYrizxTOUZGnm/CdyauquBSiIwz.q8gaG/22FxO', 'Alma man', '');

-- --------------------------------------------------------

--
-- Table structure for table `usertogroup`
--

DROP TABLE IF EXISTS `usertogroup`;
CREATE TABLE `usertogroup` (
  `id` int(11) NOT NULL,
  `groupId` int(11) NOT NULL,
  `userId` int(11) NOT NULL
) ENGINE=InnoDB DEFAULT CHARSET=utf8mb4 COLLATE=utf8mb4_general_ci;

--
-- Dumping data for table `usertogroup`
--

INSERT INTO `usertogroup` (`id`, `groupId`, `userId`) VALUES
(7, 19, 74),
(8, 19, 76),
(9, 19, 75),
(10, 20, 74),
(11, 19, 77);

--
-- Indexes for dumped tables
--

--
-- Indexes for table `groups`
--
ALTER TABLE `groups`
  ADD PRIMARY KEY (`id`);

--
-- Indexes for table `tasks`
--
ALTER TABLE `tasks`
  ADD PRIMARY KEY (`id`);

--
-- Indexes for table `user`
--
ALTER TABLE `user`
  ADD PRIMARY KEY (`id`);

--
-- Indexes for table `usertogroup`
--
ALTER TABLE `usertogroup`
  ADD PRIMARY KEY (`id`);

--
-- AUTO_INCREMENT for dumped tables
--

--
-- AUTO_INCREMENT for table `groups`
--
ALTER TABLE `groups`
  MODIFY `id` int(11) NOT NULL AUTO_INCREMENT, AUTO_INCREMENT=21;

--
-- AUTO_INCREMENT for table `tasks`
--
ALTER TABLE `tasks`
  MODIFY `id` int(11) NOT NULL AUTO_INCREMENT, AUTO_INCREMENT=76;

--
-- AUTO_INCREMENT for table `user`
--
ALTER TABLE `user`
  MODIFY `id` int(11) NOT NULL AUTO_INCREMENT, AUTO_INCREMENT=78;

--
-- AUTO_INCREMENT for table `usertogroup`
--
ALTER TABLE `usertogroup`
  MODIFY `id` int(11) NOT NULL AUTO_INCREMENT, AUTO_INCREMENT=12;
COMMIT;

/*!40101 SET CHARACTER_SET_CLIENT=@OLD_CHARACTER_SET_CLIENT */;
/*!40101 SET CHARACTER_SET_RESULTS=@OLD_CHARACTER_SET_RESULTS */;
/*!40101 SET COLLATION_CONNECTION=@OLD_COLLATION_CONNECTION */;
